content,label,source
"BJP shares clipped video of Mamata’s speech to claim she ‘mocked demolition of temples’ <p>With the high-stakes Bengal elections weeks away, BJP West Bengal on March 28 shared a 8-second video of a pre-election speech by West Bengal chief minister Mamata Banerjee. The party...</p>
<p>The post <a href=""https://www.altnews.in/bjp-shares-clipped-video-of-mamatas-speech-to-claim-she-mocked-demolition-of-temples/"">BJP shares clipped video of Mamata&#8217;s speech to claim she &#8216;mocked demolition of temples&#8217;</a> appeared first on <a href=""https://www.altnews.in"">Alt News</a>.</p>",0,altnews
"Muslim woman on fast heckled in office? Rajasthan coaching institute video falsely viral <p>A video circulating widely on social media claims to show a Muslim woman being repeatedly struck with a slipper, with the assailant mockingly saying “Good morning” between blows. Several users...</p>
<p>The post <a href=""https://www.altnews.in/muslim-woman-on-fast-heckled-in-office-rajasthan-coaching-institute-video-falsely-viral/"">Muslim woman on fast heckled in office? Rajasthan coaching institute video falsely viral</a> appeared first on <a href=""https://www.altnews.in"">Alt News</a>.</p>",0,altnews
"Cartoons, criticism and crackdowns: How Section 69A is being used to silence dissent <p>In recent months, the Government of India has invoked Section 69A of the Information Technology Act, 2000, to block social media posts by several users within the country. Orders shared...</p>
<p>The post <a href=""https://www.altnews.in/government-is-giving-blocking-order-even-on-criticism-and-satire-on-x-blatant-misuse-of-law/"">Cartoons, criticism and crackdowns: How Section 69A is being used to silence dissent</a> appeared first on <a href=""https://www.altnews.in"">Alt News</a>.</p>",0,altnews
"Varanasi Iftar-on-boat arrests: Complainant’s shifting claims mirror gaps in case against 14 Muslim men <p>In a conversation with Alt News on March 23, the complainant in the Varanasi Iftar-on-boat case offered a series of shifting and evasive responses, mirroring the inconsistencies that now surround...</p>
<p>The post <a href=""https://www.altnews.in/varanasi-iftar-on-boat-arrests-complainants-shifting-claims-mirror-gaps-in-case-against-14-muslim-men/"">Varanasi Iftar-on-boat arrests: Complainant’s shifting claims mirror gaps in case against 14 Muslim men</a> appeared first on <a href=""https://www.altnews.in"">Alt News</a>.</p>",0,altnews
"Mathura ‘accident’ kills Farsa Baba: False narratives and provocations persist despite police clarification <p>In the early hours of March 21, Chandrashekhar Das — also known as Farsa Baba, a self-styled gau rakshak —was killed after being run over by a truck on the...</p>
<p>The post <a href=""https://www.altnews.in/mathura-accident-kills-farsa-baba-false-narratives-and-provocations-persist-despite-police-clarification/"">Mathura &#8216;accident&#8217; kills Farsa Baba: False narratives and provocations persist despite police clarification</a> appeared first on <a href=""https://www.altnews.in"">Alt News</a>.</p>",0,altnews
"Hindus celebrating Holi on Eid in Uttam Nagar? Old video from Karnataka falsely viral <p>A 15-second video showing a large crowd dancing in the streets to loud music has gone viral on social media. Saffron flags can be seen across the crowd, which appears...</p>
<p>The post <a href=""https://www.altnews.in/hindus-celebrating-holi-on-eid-in-uttam-nagar-old-video-from-karnataka-falsely-viral/"">Hindus celebrating Holi on Eid in Uttam Nagar? Old video from Karnataka falsely viral</a> appeared first on <a href=""https://www.altnews.in"">Alt News</a>.</p>",0,altnews
"Democracy withheld? Satirical X handles critical of govt blocked in India <p>On March 18, several X accounts — many of which frequently posted satirical or parody content critical of the BJP government and Prime Minister Narendra Modi — were withheld in...</p>
<p>The post <a href=""https://www.altnews.in/democracy-withheld-satirical-x-handles-critical-of-govt-blocked-in-india/"">Democracy withheld? Satirical X handles critical of govt blocked in India</a> appeared first on <a href=""https://www.altnews.in"">Alt News</a>.</p>",0,altnews
"Nagpur factory blast killed 20 on March 1: How did five leading English news channels respond? <p>On March 1, 2026, a massive blast at an industrial explosives factory owned by SBL Energy Limited in Maharashtra’s Nagpur district left at least 20 people dead and 23 injured,...</p>
<p>The post <a href=""https://www.altnews.in/nagpur-factory-blast-killed-20-on-march-1-how-did-five-leading-english-news-channels-respond/"">Nagpur factory blast killed 20 on March 1: How did five leading English news channels respond?</a> appeared first on <a href=""https://www.altnews.in"">Alt News</a>.</p>",0,altnews
"They said Muslims can’t sit here, tore our clothes, beat us: Survivor recalls Pune Iftar attack; no arrests yet <p>Trigger Warning: Graphic Images of Injury A week after an FIR was registered at Saswad police station in Pune district of Maharashtra in connection with the alleged mob assault on...</p>
<p>The post <a href=""https://www.altnews.in/they-said-muslims-cant-sit-here-tore-our-clothes-beat-us-survivor-recalls-pune-iftar-attack-no-arrests-yet/"">They said Muslims can’t sit here, tore our clothes, beat us: Survivor recalls Pune Iftar attack; no arrests yet</a> appeared first on <a href=""https://www.altnews.in"">Alt News</a>.</p>",0,altnews
"Uttam Nagar before Eid: As fear lingers and hate spreads online, a neighbourhood holds its breath <p>In the narrow lanes of Uttam Nagar’s JJ Colony, the signs are hard to miss. Police barricades cut through familiar routes. Riot-control vehicles stand stationed near the main market. At...</p>
<p>The post <a href=""https://www.altnews.in/uttam-nagar-before-eid-as-fear-lingers-and-hate-spreads-online-a-neighbourhood-holds-its-breath/"">Uttam Nagar before Eid: As fear lingers and hate spreads online, a neighbourhood holds its breath</a> appeared first on <a href=""https://www.altnews.in"">Alt News</a>.</p>",0,altnews
"CGI Video Falsely Peddled As Iran Striking US Navy Warship BOOM found clear signs of manipulation in the video, including a visible cursor and a U.S. flag that abruptly appears mid-attack,",0,boomlive
"Old Video Of Flying Crows Viral As Recent Scene From Israel BOOM found that the video has been available online since 2024, with posts identifying the location as Texas in the US.",0,boomlive
Videos From Karnataka And Rajasthan Falsely Shared As Delhi's Uttam Nagar BOOM found that both viral videos are unrelated to Uttam Nagar and originate from Karnataka and Rajasthan.,0,boomlive
"Video Of Destroyed, Abandoned US Fighter Jets Is AI-Generated A test using Google’s AI detector tool SynthID confirmed that the video was made using Google AI.",0,boomlive
2018 Riyadh Drone Video Falsely Shared As Recent Gunfire At Saudi Palace BOOM found that the viral video is from April 2018 and shows a drone being shot down near the Riyadh palace.,0,boomlive
Unrelated Video Shared As Police Action In Delhi's Uttam Nagar During Eid The video shows a lathi-charge incident from Baran district of Rajasthan in February 2026.,0,boomlive
"Old Submarine Video From Gibraltar Falsely Shared As UK Entering Iran War BOOM found that the video is from January 2026 and shows the HMS Anson docked in Gibraltar, not the Arabian Sea.",0,boomlive
"Video Of Al Jazeera Anchor Resigning Over Iran War Coverage Is AI-Generated BOOM found no such broadcast on Al Jazeera, and AI tools and visual inconsistencies suggest the video is synthetic",0,boomlive
Old Iran Earthquake Video Falsely Shared As Recent Nuclear Testing Tremors BOOM found that the viral video is from a 2021 earthquake in southern Iran.,0,boomlive
"Unrelated Videos Shared As Iran’s Strike On Qatar’s Ras Laffan LNG Hub The visuals depict Iran’s attacks on Oman and Saudi Arabia, not the missile attack on Qatar’s Ras Laffan LNG hub.",0,boomlive
'CCTV Footage' Claiming To Show Netanyahu Dying In A Bunker Is AI-Generated BOOM found that the viral video is AI-generated and no such footage was aired by Al Jazeera.,0,boomlive
"Unrelated Video Shared As Panic In Israel Over Iranian Missiles BOOM found that the video is from Daytona Beach in Florida, US, and captures panic among beachgoers in March this year.",0,boomlive
"AI, Old Videos Falsely Linked to Iranian Strikes On Tel Aviv BOOM found that two videos are synthetic and likely AI-generated, while another predates the conflict and is from Hong Kong.",0,boomlive
"Old UAE Fire Video Falsely Linked to Dubai Airport Drone Attack BOOM found that the viral video is from August 2020, when a fire broke out at Ajman Market in the UAE.",0,boomlive
"Deepfakes Of Tharoor, Ex Army Chief Target India's Defence And Diplomacy Strategies Results from multiple AI detector models confirm that both videos of Shashi Tharoor and ex-COAS Gen Manoj Pande show signs of AI manipulation.",0,boomlive
Video Of PM Modi Announcing Free LPG Cylinders Is A Deepfake BOOM found that the voiceover in the video is artificially generated using AI.,0,boomlive
AI Video Viral As An Iranian Attack On Indian Oil Tanker BOOM analysed the video using AI detection tools like DeepFake-O-Meter and Hive Moderation which flagged the video as AI-generated.,0,boomlive
"Unrelated Videos Falsely Linked To Iranian Strikes On Tel Aviv BOOM found that two viral videos are old and unrelated, while another is AI-generated.",0,boomlive
"US–Iran Crisis: Deepfakes Of Indian Leaders Supporting Israel Surface Amid the US-Israel conflict with Iran, several deepfakes targeting Indian leaders have surfaced, appearing to show the Indian government taking Israel’s side against Iran.",0,boomlive
2020 US Navy Ship Fire Shared As Iranian Attack On USS Lincoln BOOM found that the video is from a fire incident aboard the USS Bonhomme Richard in July 2020.,0,boomlive
Photo Of Iranian Missile With Epstein Message Is Fake The image pre-dates the ongoing United States-Israel war on Iran and is likely AI-generated.,0,boomlive
"Video Of MEA Spokesperson Backing Israel, Threatening Iran Is A Deepfake Tests with multiple AI detector tools confirmed that the viral video contains AI-generated visuals.",0,boomlive
Pro-Iran Handles Share Unrelated Video As Blast At India-Israel Drone Site A senior Delhi Police official clarified to BOOM that the fire broke out at a slum and not at a drone facility as claimed.,0,boomlive
AI-Generated Video Peddled As Indian Spying For Mossad Caught In Iran Tests using several AI detection tools confirmed that the footage is not real and contains AI-generated visuals.,0,boomlive
Video Showing US Soldiers Captured By Iran Is AI-Generated An analysis using AI detection tool confirmed that the video was synthetically created.,0,boomlive
Claim Of Bahrain Arresting Indian Engineer For Mossad Espionage Is False The Bahrain and Indian government have called the claim fake and clarified that no Indian citizen named Nitin Mohan was arrested,0,boomlive
Video Of EAM Jaishankar Calling Israel ‘Most Oppressed Country’ Is Deepfake BOOM found that the original speech by the External Affairs Minister contains no such statement as claimed in the viral video.,0,boomlive
"Russia-Ukraine Drone Attack Video Falsely Shared As Iranian Strike In Bahrain BOOM found that the viral video shows a Russian drone attack on Kyiv, Ukraine, in January 2026",0,boomlive
"Unrelated Video From New Jersey Shared As Netanyahu's House Set On Fire BOOM found that the video is from a house fire that took place in Galloway Township in New Jersey, United States from February 2026.",0,boomlive
"AI Video Peddled As Iran Launching Attack Near Israel's Coast BOOM tested the video using several AI detection tools, which confirmed that the video is not real but AI-generated.",0,boomlive
Video Of COAS Admitting That India Leaked IRIS Dena's Location Is A Deepfake BOOM found the video is digitally altered with an AI-generated voice-over.,0,boomlive
"Old Lebanon Video Misreported As Dubai Livestream During Iran Strike BOOM found the video is from August 2020, posted by an overseas Filipino worker Edlyn Candido Lacse, who was live streaming in Lebanon.",0,boomlive
Old Video Shared As Iran’s Missile Attack On Bridge In Bahrain BOOM found that the video is from 2022 and has no relation to the current conflict in the Middle East.xxx,0,boomlive
"Video Of Suicide On Camera Shared As ‘General Who Betrayed’ Khamenei BOOM found that the video dates back to October 2024 and, according to Kurdish outlets, shows a man dying by suicide on Instagram live.",0,boomlive
"AI Videos Shared As Iran Missile Attacks On Dubai’s Burj Khalifa, Bahrain AI detector tools confirmed that the visuals are fabricated.",0,boomlive
"AI-Generated Images Falsely Linked To US-Israel-Iran Conflict BOOM found that the images are synthetic, and analysis using AI detection tools indicated that they were artificially generated.",0,boomlive
"Old Video Of Fire Incident Falsely Shared As Iran’s Attack In UAE BOOM found that the video shows a fire incident from 2015, when a residential building in UAE's Sharjah caught fire.",0,boomlive
"Video Of Iranian Missiles Bombarding Tel Aviv Is AI-Generated BOOM found several AI-related discrepancies in the video, including deformed car shapes, a blurred background, and distorted solar panels.",0,boomlive
"Ukraine Video Peddled As Iranian Strike On Israel's 'Nuclear Plant' BOOM found that the viral video is from March 2017, when a fire broke out at an arms depot in the eastern Ukrainian town of Balakliya.",0,boomlive
"AI Video Shared As US Soldier Crying After Iran Missile Attack BOOM tested the video with various AI detection tools, which confirmed that the visuals are not real.",0,boomlive
US-Iran War: Old Video From US Viral As Evacuation At Israeli Airport BOOM found that the video shows passengers evacuating an American Airlines flight at an US airport in July 2025.,0,boomlive
US-Israel Attack Iran: Old Yemen Port Strike Video Viral With False Claim BOOM found that the video shows an attack on Hodeidah port in Yemen by Israeli military in July 2024.,0,boomlive
US-Iran Conflict: 2022 Video Falsely Viral As Iranian Strikes In Dubai BOOM found that the viral video is from December 2022 and shows skydivers performing a stunt with flare-like objects attached to them.,0,boomlive
Old Visuals Viral As Afghanistan's Retaliatory Attacks On Pakistan BOOM found that the viral video dates back to 2021.,0,boomlive
"No, Opposition Leaders In Israel Did Not Boycott Modi In Their Parliament BOOM found the original video where it shows Israeli opposition boycotted Knesset Speaker Ohana and PM Netanyahu, not Modi.",0,boomlive
"Videos Of PM Modi, Netanyahu Announcing Aid For Afghanistan Are Deepfakes BOOM tested the videos using AI detector tools, which flagged digital manipulation in the viral footage.",0,boomlive
"Modi’s ‘India Motherland, Israel Fatherland’ Remark Shared Without Context BOOM found that Narendra Modi’s “fatherland” remark at the Knesset referred specifically to the Indian-origin Jewish community in Israel",0,boomlive
Viral Notice On Nikah For Couples At Jamia During Ramadan Is Fake The Jamia administration called the ‘nikah’ notice fake and clarified that the university has not issued any such notification.,0,boomlive
Did Trump Say ‘Pak PM Would Have Died If India-Pak War Escalated?' During the State of the Union address Donald Trump claimed that Pakistan PM Sharif said that 35 million people would have died if the India-Pakistan war escalated into a nuclear confrontation,0,boomlive
"Video Does Not Show Gambhir Warning Trolls During T20 World Cup BOOM found that the video dates back to December 2025, when Gambhir took a dig at critics of the team’s performance.",0,boomlive
"Unrelated Video Falsely Linked To 2018 BSF Commandant’s Arrest BOOM found the visuals are from January, 2018, when Kanpur police seized ₹96 crore in demonetised currency from a local builder.",0,boomlive
Video Of French President Macron Targeting IAF’s Inefficiency Is Deepfake BOOM found that Macron’s original speech was altered using AI. The French President did not make the claimed remarks.,0,boomlive
"Viral Video of Thar Crashing Into Highway Signboard Is AI-Generated BOOM found that the video was originally posted on Instagram by the handle @viiztrrix, an AI visuals content creator.",0,boomlive
Video Of PM Modi Accepting IAF Rafale Defeat To Pakistan Is A Deepfake BOOM found the original video which shows that PM Modi did not make any such remarks during his speech in Maharashtra.,0,boomlive
AI Video Shared As Chinese Robots Being Trained For War BOOM was able to confirm that the video was produced using AI and does not contain real visuals.,0,boomlive
"Photo of Pak Captain Salman Agha Snubbing Suryakumar Yadav's Handshake Is AI BOOM analysed the viral image using AI-detection tool and found it to be AI-generated, with a visible Gemini watermark.",0,boomlive
"Photos Of Modi, Sonia, Rahul With Jeffrey Epstein Are AI-Generated BOOM found viral photos of Modi, Rahul and Sonia with Epstein are AI images; the same were confirmed by AI detection tools.",0,boomlive
Scripted Video Peddled As Elderly Muslim Forcing Minor Into Marriage BOOM found that the video was scripted and produced by a Bangladeshi creator for 'entertainment' purposes.,0,boomlive
India-Pak Match: Video Of Shashi Tharoor Praising Pak’s Diplomacy Is A Deepfake BOOM found that the viral video has been doctored with an AI-generated voice-over.,0,boomlive
Yogi Adityanath At ‘Dhurandhar 2’ Special Screening? Old Video Viral With False Claim The viral claim that Uttar Pradesh Chief Minister Yogi Adityanath attended a special screening of Dhurandhar 2 is false.,0,newschecker
"Weekly Wrap: Misinformation Around Dhurandhar 2, Delhi Holi Murder Case & More From fabricated and old visuals being falsely linked to Ranveer Singh’s recently released film Dhurandhar 2, to an unrelated video shared as the aftermath of the Uttam Nagar Holi murder case, here are our top fact-checks from this week: AI-Generated Photo Falsely Shows Dhurandhar 2 Cast At Ayodhya Ram Temple A photo circulating on social [&#8230;]",0,newschecker
Video Claiming To Show Muslim Man Faking Disability While Begging Is Scripted The viral video claiming to show a Muslim man faking disability to beg in a Hindu-majority village does not depict a real incident.,0,newschecker
Pakistan Police Searching For ‘Indian Spies’ After ‘Dhurandhar 2’ Release? Here’s Truth Behind Viral Clip The viral claim that Pakistani authorities began searching for Indian spies after the release of Dhurandhar 2 is false.,0,newschecker
AI-Generated Photo Falsely Shows Dhurandhar 2 Cast At Ayodhya Ram Temple The viral photo claiming that the cast of Dhurandhar 2 visited the Ram Temple in Ayodhya is not genuine.,0,newschecker
"Old Video Shared To Claim Gunfire Near Saudi Royal Palace Amid West Asia Tensions A video circulating online claims that sounds of gunfire were heard inside the Saudi royal palace in Riyadh, the residence of Crown Prince Mohammed bin Salman...",0,newschecker
"Viral Video Does Not Show Massive Crowd Waiting To Watch Dhurandhar 2 The viral footage claiming to show a huge crowd outside a theatre, waiting to watch Dhurandhar 2 is actually old and unrelated.",0,newschecker
"Delhi Holi Murder Case: Hindus Crowd Uttam Nagar Streets On Eid? Viral Video Is Unrelated The claim that the video shows Hindus flooding the streets of Uttam Nagar, Delhi, on Eid following the killing of Tarun Kumar on Holi is false.",0,newschecker
"Weekly Wrap: Misinformation On PM Modi, Benjamin Netanyahu & More From a manipulated video falsely claiming Union Home Minister Amit Shah said the BJP would end “Khalsa Raj” in Punjab if voted to power, to viral posts...",0,newschecker
Viral Video Claiming To Show Ex-Army Chief Calling Indian Army An ‘Ethnic Force’ Is Manipulated The viral video claiming that former Army Chief General Manoj Pande warned that the Indian Army is becoming an “ethnic force” is digitally manipulated.,0,newschecker
"Assembly Elections LIVE: Stalin, Vijay file nominations in Chennai In a first in Kerala, the ballot units for the polling will have colour photographs of the candidates",1,thehindu
"Parliament Budget Session LIVE: A total of 12 amendments are being proposed in Insolvency and Bankruptcy Code (IBC), says FM Nirmala Sitharaman India's ATF supplies available for 60 days, Aviation Minister K. Rammohan Naidu says; Rajya Sabha adjourned till 2 p.m.",1,thehindu
"Kerala polls: UDF’s Dharmadam candidate alleges attack attempt during campaigning In Taliparamba constituency in Kannur, a campaign vehicle fitted with LED displays belonging to UDF-backed Independent candidate T.K. Govindan was allegedly attacked at Malappattam",1,thehindu
"Will electors from Kerala and Puducherry residing in Tamil Nadu get a holiday to cast their vote? T.N. govt. issues advisory Employers have been requested to grant a paid holiday on April 9, 2026, to employees residing in Tamil Nadu who are registered voters in Kerala or Puducherry, so they can participate in their respective elections",1,thehindu
Army unveils Base Hospital in Tezpur The completion of the third and final phase has increased the 155 Base Hospital’s capacity to 500,1,thehindu
"Not all welfare spendings are ‘freebies’, some are investments: Palanivel Thiaga Rajan “I welcome new entrants [in politics] and new ideas. If the entrant is a hugely popular actor, that is even better ... Because the people who are least engaged in politics are the youth ... anything that increases youth engagement in politics, in my view, I consider it a good thing,” says Mr. Rajan, on actor Vijay’s electoral debut",1,thehindu
Suspected LeT operative arrested in Delhi's Ghazipur: police Authorities uncover ties to Pakistan’s ISI and prior terror activities as the suspect faces interrogation following his arrest for promoting anti-national sentiments in the capital,1,thehindu
"Government clears 29 investment proposals worth ₹7,104 cr under Electronics Component Manufacturing Scheme The Ministry of Electronics and IT (Meity) Secretary, S Krishnan, said the fresh investment proposal will create as many as 14,246 new jobs in the segment",1,thehindu
BJP chief Nitin Nabin resigns as Bihar MLA Bihar Chief Minister Nitish Kumar also resigned from the State Legislative Council on March 30,1,thehindu
"Census activities at an advanced stage, first phase to start from April 1: RGI Caste will be enumerated during second phase",1,thehindu
Sloth bear captured near Shivamogga airport in Karnataka by Forest Department The bear was spotted roaming in villages adjacent to the airport at Sogane near Shivamogga,1,thehindu
"Lok Sabha MP submits memorandum to Meghwal, seeks separate bar council for Sikkim Mr. Subba highlighted that at present, the legal fraternity of Sikkim falls under the jurisdiction of the Bar Council of Assam, Nagaland, Mizoram, Arunachal Pradesh, and Sikkim",1,thehindu
"Assembly elections: PM Modi to visit Chennai, Puducherry on April 3 and 4 Mr. Modi will arrive at the Chennai airport on the afternoon of April 3 and will then fly to Puducherry, where he will address a public meeting in the evening",1,thehindu
"Vijay follows footsteps of Tamil Nadu politicians with a penchant for dual contests TVK leader to contest two urban seats in debut election; precedent set by Jayalalithaa, who once contested four seats; PT, DMK, Congress leaders have also attempted dual contests, with less than stellar results",1,thehindu
"ASHAs protest in Telangana for ₹18,000 fixed pay, job security, and recognition in public health system ",1,thehindu
Kerala Assembly elections 2026 | Constituency watch A collection of stories on some of the key constituencies in Kerala that are set to elect their representatives to Kerala Legislative Assembly in 2026,1,thehindu
"NCP legislators voice support for party’s merger with NCP (SP) Immediately after Ajit Pawar’s demise on January 28, senior NCP (SP) leaders had claimed that a merger was in the works before the senior leader died",1,thehindu
"Kerala Assembly polls: Unpredictability is the norm in Vattiyurkavu constituency All three major political fronts fancy their chance in the segment in the 2026 Assembly polls, setting the stage for a high-stakes contest",1,thehindu
"Kerala Assembly Elections 2026: Peravur braces for high-stakes election battle as K.K. Shailaja challenges Sunny Joseph The Left Democratic Front hopes that the former Health Minister’s popularity and ability to attract votes across party lines will help it wrest the seat, which had stood with the United Democratic Front even during the strong left wave in 2021",1,thehindu
"TDP politburo member felicitates party cadres for standing tough amid odds TDP politburo member Srinivasa Reddy said the party would reach out to its cadre, who, he said, were targeted during the erstwhile YSRC government",1,thehindu
"T.N. Assembly election: ECI issues official notification; filing of nominations begins The last date for withdrawal of nominations, if any, is April 9",1,thehindu
"Kerala Assembly polls 2026: Once a Left bastion, Chathannur gears up for a tri-cornered battle The Assembly segment’s electoral template has undergone a steady transformation by shedding its history of binary competition in favour of a fierce three-way rivalry; this evolution is primarily driven by the rise of NDA",1,thehindu
What is the Maharashtra Freedom of Religion Bill? | Explained How does the 60-day notice requirement work? Who can file a complaint under the law? What penalties does the Bill prescribe for violations? When can a marriage be declared null and void? Why have civil rights groups raised concerns? How has the State justified the need for the law?,1,thehindu
"IIT Guwahati team develops energy-efficient bricks The researchers said these bricks have been designed to keep buildings naturally cool, offering a solution for sustainable construction",1,thehindu
PMK releases candidate list; Sowmiya Anbumani to contest from party stronghold Dharmapuri The party’s treasurer M. Thilagabama will face off with actor Vijay and the DMK’s RD Sekar in the Perambur constituency,1,thehindu
Bengali actor Rahul Arunoday Banerjee dies after drowning; film industry mourns loss He is survived by his son and wife Priyanka Sarkar,1,thehindu
"Jorhat-based environmentalist receives second Jadav Payeng Award Anand Agarwala also funded the education of 5,000 students and built public toilets around the central Assam town",1,thehindu
Two found murdered in Nellore district The police suspect an alleged illicit relationship as a reason behind the double murder that took place in Gandavaram fields,1,thehindu
"BRS MLCs suspended from Telangana Legislative Council amid uproar over mining issue They demanded a House Committee probe into the alleged illegal mining case involving Raghava Constructions, and dismissal of Minister Ponguleti Srinivas Reddy",1,thehindu
"Kerala Assembly Elections 2026: Ballot printing only in 3 govt presses this time as ECI introduces colour images Of the 11 presses under the department in the State, the ballots for the upcoming polls can be printed only at two facilities in Thiruvananthapuram and one in Ernakulam",1,thehindu
Nitish Kumar resigns from Bihar Legislative Council The Bihar Chief MInister is likely to take oath as a member of the Rajya Sabha on April 10,1,thehindu
Government releases 33 FAQs for first phase of Census The portal has a list of Frequently Asked Questions (FAQs) to make it easy for the public to answer questions posed during the 16th Census of the country,1,thehindu
"Kannur Mayor alleges ‘backdoor appointments’ by Kerala govt under Central scheme, seeks ECI intervention P. Indira terms the alleged move under a Central assistance scheme a violation of Model Code of Conduct and an encroachment on powers of local self-government institutions",1,thehindu
"Indian national killed in Iranian strikes in Kuwait Kuwait’s Ministry of Electricity, Water and Renewable Energy said a service building at one of its power and water distillation plants was damaged during the attack, according to the state-run KUNA news agency",1,thehindu
"‘A double-engine govt. will de-risk people from  political conflicts that hurt their development’: Rajeev Chandrasekhar If a State government has ‘24x7 animosity towards the Centre, the people will suffer’, says Kerala BJP president Rajeev Chandrasekhar; calling the party’s performance in the 2025 local body elections in the State a ‘big jump forward’, he slams ‘fake narratives’ against the BJP among minorities",1,thehindu
Nitish Kumar: the constant and the variable of Bihar Nitish Kumar has taken oath as Chief Minister nine times — seven times with the support of the BJP and twice with the RJD,1,thehindu
"Despite assurance from Centre, MGNREGS workers denied work From Bihar to Rajasthan, thousands of rural workers say work has been halted; some district officials say they have been directed not to start new works as MGNREGA has been discontinued, though there are no such formal orders",1,thehindu
"Forest Minister seeks report on Karnataka government vets visiting Vantara This comes after Sameeksha Reddy, a 27-year-old trainee veterinarian, was recently killed in a hippopotamus attack in Tyavarekoppa Tiger and Lion Safari in Shivamogga",1,thehindu
"How close contests impacted victory margins in past Assembly elections in Tamil Nadu An analysis of the results of Assembly elections in the State since 1967, shows there have been occasions where candidates lost by fewer than 25 votes",1,thehindu
"Auto drivers protest by climbing cell tower claiming CNG shortage in Hyderabad The protests come amid reports of panic refuelling across the city, which has led to long queues of up to 1 to 2 km at several fuel stations, particularly in residential areas",1,thehindu
"Revisiting Dasgaon, where a 23-year-old drank water from a well and broke a social order Months before the Mahad Satyagraha of 1927, a similar symbolic act by the people of Dasgaon in Maharashtra took place. A group of about 300, led by Ramchandra Babaji More, drew water from a well and a lake and drank it. The satyagrahis were Dalits, implementing a resolution to open public water bodies to them. Now, 100 years later, the people of Dasgaon have forgotten the event",1,thehindu
"Centre allocates PDS kerosene to States, UTs in 60-day emergency measure to ease LPG pressure The move is intended to ensure that households facing LPG constraints continue to have access to essential fuel for basic domestic requirements",1,thehindu
"Kerala Assembly Elections 2026: Poll promises may hit the coffers hard While campaigning, LDF is highlighting welfare measures such as increased pensions and monthly wages implemented by the government. UDF has promised five basic ‘welfare guarantees,’ including raising welfare pensions to ₹3,000 if it comes to power. Experts question the rationale of such promises, given the huge cost involved in implementing and sustaining them",1,thehindu
"Kerala Assembly Elections 2026: Home voting commences on Monday In the categories of voters above 85 years and persons with disabilities, a little over 2.07 lakh voters have opted for the facility",1,thehindu
"Jifri Thangal distances himself from Umar Faizy’s remarks on women candidates “The decision to field candidates in elections should be left to the leadership of political parties,” he said",1,thehindu
"2 Indian, 1 Pakistani ships cross Strait of Hormuz Two other LPG carriers belonging to the state-owned SCI had crossed the strait and have discharged their cargo in India.",1,thehindu
"Karnataka Information Commission orders probe after ‘dead man’ attends hearings, signs documents in Mysuru One person claimed that although his father had passed away, official documents showed him attending hearings at the taluk office on June 13, 2023, and July 11, 2023, and even signing documents",1,thehindu
"Venugopal dismisses bribery allegations against him, calls them BJP-CPI(M) sponsored The Congress leader says the allegations of him accepting a bribe in exchange for a seat in the Haryana Assembly elections are baseless",1,thehindu
"Kerala Assembly Elections 2026: Not a good precedent for Governors to contest elections immediately after office, says Sreedharan Pillai The BJP leader, who served as Governor of Mizoram and Goa, talks about his decision not to contest the Assembly polls from Chengannur, the BJP-led NDA’s chances, and the focused attacks on the BJP by the LDF and the UDF",1,thehindu
"Tamil Nadu Assembly election 2026: Still waiting for your Voter ID? Download it online If your name is on the electoral roll and your mobile number is registered with the Election Commission of India and linked to your EPIC, you can download your e-EPIC online.",1,thehindu
"Maoist campaign saw continuity across regimes, sharper push recently: Former MHA official He said that the years 2006-2009 were the most difficult, and the gradual gains made over the years found a resolute push in the past two-years when Home Minister Amit Shah set a deadline of March 31, 2026, to eradicate Left Wing Extremism from the country",1,thehindu
"Congress block president killed in Punjab’s Ludhiana The two unidentified assailants came on a motorcycle and attacked Tiwari while he was sitting on a chair on Sunday (March 29, 2026) evening",1,thehindu
"Kerala Assembly Elections 2026: Green Button campaign picks up pace in Kerala Suchitwa Mission’s green election campaign, in association with the Election Commission of India, aims at reducing  waste generated during elections",1,thehindu
"Promises delivered and undelivered during 5 years of DMK government The govt. introduced schemes that did not figure in its manifesto, even while delivering key assurances such as Kalaignar Magalir Urimai Thittam and free bus travel; but it has not formulated the Higher Education policy, set up Kalaignar Canteens or created special courts for corruption cases",1,thehindu
"Navy employee kills paramour, stores half in fridge According to preliminary information from police, the horrific crime took place in a rented house in L.V. Nagar while the suspect’s wife was away visiting her parents",1,thehindu
"Tamil Nadu Assembly election: AIADMK takes the lion’s share of advantageous seats Of the remaining 19 Assembly segments, the BJP and the Pattali Makkal Katchi (PMK) have been allotted eight each with one each to the Indhiya Jananayaga Katchi (IJK), Puratchi Bharatham and the Tamizhaga Makkal Munnetra Kazhagam (TMMK).",1,thehindu
"T.N. Assembly election: Virugambakkam, a fast-developing locality that reels under multiple civic issues Hailing from diverse socio-economic backgrounds, the residents of Virugambakkam constituency demand that pattas be issued to people living on government poramboke land in a few areas; they also demand that a public library be built",1,thehindu
The rise of temporary teachers in West Bengal | Data The State has not been able to expand its institutional capacity in line with rising demand,1,thehindu
"BJP is the ‘A team’ of Kerala, says Modi at campaign meet Positioning the BJP-led NDA as a decisive alternative, the Prime Minister said that an NDA government would advance the vision of a “Viksit Kerala”",1,thehindu
31 arrested for Ram Navami clashes in Bengal district Police say 31 people have been arrested and 21 injured in the clashes; prohibitory orders have been imposed,1,thehindu
"Tamil Nadu Chief Minister MK Stalin, TVK's Vijay File Nomination For Polls Tamil Nadu Chief Minister MK Stalin, TVK's Vijay File Nomination For Polls",1,ndtv
"Opinion: Opinion | Shadow Wars: The 'Inside Networks' Helping Israel Target Iran And Its Leaders Over the past four weeks, with Tangsiri being the latest example, Israel has showcased that its war with Iran was being waged over the years in the shadows of espionage, intelligence, and covert operations.",1,ndtv
"Delhi School Result 2026: Class 9, 11 Scorecard Out Today? Check Details, Download Link Here DoE Class 9, 11 School Result Out Soon, Download Link, Details Here",1,ndtv
"Bengaluru, Hyderabad, Pune, Ahmedabad Salaried Class Set For Secret Pay Hike? The benefit, however, is tightly targeted",1,ndtv
"Stock Market Live Updates: Sensex Slides 1,000 Points As Crude Oil Surges Amid Iran War Stock Market News Today Live: Both Sensex and Nifty declined at open.",1,ndtv
"Married Navy Staffer Kills Lover At Home, Chops Up Body, Stores In Fridge Polipalli Mounika was allegedly stabbed to death following an argument.",1,ndtv
"Amid Iran War, Centre Allows Kerosene Sale At Select Petrol Pumps For 60 Days Allowing kerosene back into the retail fuel network provides a fallback fuel for households.",1,ndtv
Nitish Kumar Resigns From Bihar Assembly Weeks After Rajya Sabha Move: Sources Nitish Kumar is the longest-serving Chief Minister of Bihar,1,ndtv
"Amid NCP Feud Buzz, Ajit Pawar's Missing Photo On Party Posters Sparks Row There is speculation that infighting has started in Ajit Pawar's party after his death",1,ndtv
"Foreign Artist Paints Elephant Pink For Photoshoot In Jaipur, Faces Outrage: ""Deeply Upsetting"" The forest department official said the matter would be investigated.",1,ndtv
'Court Doesn't See Hindu-Muslim': A Ruling For Interfaith Couple In Live-In The court said right to live with a person of his/her choice is intrinsic to right to life,1,ndtv
"UPPSC PCS Final Result 2024 Out, Download Roll Number-Wise List Here UPPSC PCS 2024 Final Result Declared, Download Directly Here",1,ndtv
"Inside The Jhiram Valley Massacre: Survivor Stories From 2013 Attack Jhiram Valley Massacre: The survivors carry not just scars, but questions.",1,ndtv
Iran War Bleeding Your Portfolio? This One Move Can Still Save You Money Tax gain harvesting allows investors to lock in profits,1,ndtv
"Google Student Researcher 2026 Applications Close on March 31, Direct Link To Apply Here apprenticeships and internships across Google's research teams",1,ndtv
"BSEB Bihar Board 10th Result 2026 LIVE (Out): Pushpanjali And Sabreen Share First Rank With Identical Scores BSEB 10th Result 2026 Highlights: Out Today, Download Directly Here",1,ndtv
"March 31 Deadline: Ignore This And You Lose These ""Guaranteed"" Tax Returns Unpaid tax after March 31 will invite penalties",1,ndtv
"Watch: Child Hits Biker With Water Balloon From Moving Car, Delhi Police Takes Action After video went viral, social media users demanded accountability.",1,ndtv
"Is Your Office Health Cover Enough? Zerodha's Nithin Kamath Flags A Big Gap While corporate health insurance can be a starting point, its scope and benefits are limited.",1,ndtv
"PM Modi Says Gulf Nations Prioritising Safety Of Indians, Slams Congress PM Modi noted that India is closely monitoring situation.",1,ndtv
Retired brigadier out on morning walk killed by ‘stray bullet’ in Dehradun amid ‘road rage’ shootout ,1,indianexpress
"Gold Rate Today, March 30: Check 18, 22 and 24 carat gold prices in Chennai, Mumbai, Delhi, Kolkata and other cities ",1,indianexpress
Mahavir Jayanti 2026 Bank Holiday: Are banks open or closed on March 30–31 in India? City-wise list below ,1,indianexpress
"Cutting through Maoist heartland: Over last 15 months, remote Chhattisgarh villages got string of roads, bridges ",1,indianexpress
"War lessons for military: Procure anti-drone systems, integrate them with legacy weapon system to create effective umbrella ",1,indianexpress
Administrative hub of Iron Age kingdom? ASI dig at Bihar’s Balirajgarh seeks answers on ancient Mithila history ,1,indianexpress
"‘Was treated as if I was a murderer, moving around streets of Canada… I’m still having that stigma’: Ex-India envoy Sanjay Verma ",1,indianexpress
"In Kerala, Modi says Gulf nations prioritising safety of Indian expats, slams Congress for ‘dangerous’ remarks ",1,indianexpress
"Will bring UCC to Assam, ban ‘four marriages’: Amit Shah in Nalbari as election campaign heats up ",1,indianexpress
"TVK candidate list out: Actor-politician Vijay to contest from Perambur, Trichy East in Tamil Nadu Assembly polls ",1,indianexpress
"‘Wounds get opened again’: In Assembly, Sajad Lone draws parallel between Farooq Abdullah attack and his father’s assassination ",1,indianexpress
"LPG crisis, lockdown rumours and an exit from Surat: Why many Odia migrants are back home ",1,indianexpress
"Adopt medium to long-term strategy, counter fake news: Rajnath at first IGoM meet on West Asia conflict ",1,indianexpress
"Churn in Uttarakhand as 2 former MLAs from BJP, 1 from BSP jump ship to Congress ",1,indianexpress
"Uttarakhand CM Dhami meets PM Modi: Seeks RRTS extension to Haridwar, Rishikesh; early launch of Rishikesh-Vyasi rail section ",1,indianexpress
MEA clears air on NYT report: ‘Telephone conversation on March 24 was between PM Narendra Modi and President Donald Trump only’ ,1,indianexpress
"The Tripura queen who fainted before Goddess Durga, and the king who changed the idol forever ",1,indianexpress
"‘Profit should not be allowed to pretend it stands alone’: Justice B V Nagarathna calls for corporate accountability, environmental justice ",1,indianexpress
"Great Indian Bustard birth in Gujarat after a decade, with egg transported via halt-free 770 km corridor from Sam in Rajasthan ",1,indianexpress
Indian Railways Middle Berth Rules: From sleeping time to seat norms – Here’s all you need to know ,1,indianexpress
"Noida International Airport Inauguration Live Updates: PM Modi slams SP over ‘loot’ in Noida, says BJP now powering UP’s development ",1,indianexpress
‘99% Hindus want out of Congress; it will become single-community party after Assam polls’: CM Himanta ,1,indianexpress
"5 QUESTIONS | Deepender Hooda: ‘Need laws to regulate use of social media, mitigate its ill-effects’ ",1,indianexpress
"Rajya Sabha clears Finance Bill 2026 | Excise duty cut to not burden citizens, says FM; poll move: Opposition ",1,indianexpress
"‘Kept in dark about Bill, minister skipped meeting’: Why India’s top transgender advisors resigned in protest ",1,indianexpress
"‘Mothers and sisters will have to guard….If they terrorise then, come out with anything you find at home’: EC seeks report on Mamata’s speech ",1,indianexpress
"‘Firm solidarity in this hour of grief’: Mirwaiz visits Iran Embassy, condoles death of Ayatollah Khamenei ",1,indianexpress
"‘Condemn unjust, illegal war on Iran’ – Omar seeks PM Modi’s intervention to end West Asia conflict ",1,indianexpress
"Post SIR, Bengal’s female elector count hits 10-year low; gender ratio falls for first time in 13 years ",1,indianexpress
Govt slashes excise duty by Rs 10 but retail price remain same. Here’s what petrol pumps are saying ,1,indianexpress
"Petrol-Diesel Price Today March 27: Check city-wise fuel rates in Bengaluru, Chennai, New Delhi, Mumbai after excise cut ",1,indianexpress
"Solidarity with Iran, NLU demand: Chaos in J-K Assembly as slogans fly across aisle on global, local issues ",1,indianexpress
"Gold Rate Today, March 27: Check 18, 22 and 24 carat gold prices in Chennai, Mumbai, Delhi, Kolkata and other cities ",1,indianexpress
"Nirav Modi case: How India secured his extradition, and what lies ahead for the fugitive diamond merchant ",1,indianexpress
Historic temple reopens in Srinagar after 3 decades with grand Ram Navami celebrations: ‘Shows spirit of brotherhood’ ,1,indianexpress
"On a farewell note: Ahead of RS move, CM Nitish Kumar completes Bihar yatra with highlights from past, nod to future ",1,indianexpress
"Imprisonment of up to 3 years for negligence, misuse of data, offensive questions: Registrar General to Census officers ",1,indianexpress
"Dehradun: Medical student found dead in car, canula attached to arm; FIR filed after father blames HOD ",1,indianexpress
"Railways to build underpasses in mission mode, projects to be completed in just 12 hours – here’s how ",1,indianexpress
"Vande Bharat Express food complaint: IRCTC fined Rs 10 lakh; service provider penalised Rs 50 lakh, contract terminated by Railways ",1,indianexpress
Software engineer and mother of 2 run over during fight over use of Indore penthouse as Airbnb ,1,indianexpress
Noida International Airport inauguration: PM Modi to launch Delhi-NCR’s new Airport in Jewar on March 28 – Key details ,1,indianexpress
"Gold Rate Today, March 26: Check 18, 22 and 24 carat gold prices in Chennai, Mumbai, Delhi, Kolkata and other cities ",1,indianexpress
"Gold, Silver Rate Today, 26 March 2026 Live Updates: Gold futures fluctuate as crude oil surges past $100 ",1,indianexpress
"From biometric checks to cap of 9 SIM cards per person, Centre moves to tighten SIM issuance to curb digital arrest fraud ",1,indianexpress
"Top News Headlines of March 26, 2026 | Dehradun: Medical student found dead in car, canula attached to arm; FIR filed after father blames HOD ",1,indianexpress
"With modern tech and an old-fashioned oath, Puri’s Jagannath Temple opens treasure trove for first time in 48 years ",1,indianexpress
"Transgender rights activist and NALSA petitioner Zainab Patel: ‘Now, I am what the system chooses to recognise me as, not who I say I am’ ",1,indianexpress
"As demand for law school in Jammu intensifies, BJP youth wing calls for civil secretariat gherao ",1,indianexpress
"26 March 2026 Holiday: Ram Navami bank holiday in India, state-wise list, are schools closed on March 26? ",1,indianexpress
Why the Union Govt has asked Congress to vacate two bungalows in its possession on Delhi’s Akbar Road and Raisina Road ,1,indianexpress
‘He will dictate me?’: CJI Surya Kant slams petitioner’s father for contacting family in medical college admission case ,1,indianexpress
"In a room away from prying eyes, a quiet Sharjeel Imam takes part in brother’s wedding ",1,indianexpress
Need to formalise a comprehensive integrated roadmap based on lessons learnt in West Asia conflict: Rajnath ,1,indianexpress
"A patient went missing from Jamshedpur hospital. 10 days later, body found on premises, cannula still attached ",1,indianexpress
"‘He refused life jacket, seemed exhausted before swim’: Singapore court proceedings capture Zubeen Garg’s final moments ",1,indianexpress
"Gold Rate Today, March 25: Check 18, 22 and 24 carat gold prices in Chennai, Mumbai, Delhi, Kolkata and other cities ",1,indianexpress
"Not just Jammu, Kashmir: Proposed legislation seeks 2 new divisions in J-K — Chenab and Pir Panjal ",1,indianexpress
"170 custodial deaths in first 74 days this year; Bihar, Rajasthan, UP top the list: MHA data ",1,indianexpress
"4 boats vanish overnight as territorial dispute between Tamil Nadu, Andhra fishermen leads to a political storm ",1,indianexpress
"2 India-bound LPG carriers cross Strait of Hormuz amid West Asia conflict, to hit shores soon ",1,indianexpress
Strait of Hormuz blockade: MHA directs states to guard LPG lifeline amid West Asia fuel fears ,1,indianexpress
"He killed comrade for wanting to surrender. Month later, Odisha’s top Maoist lays down arms himself ",1,indianexpress
"Jharkhand to Greater Noida via Ahmedabad – journey of a teenage girl ‘trafficked, confined by couple’ ",1,indianexpress
PM says India has adequate crude oil storage and supply arrangements; Govt calls all-party meet today ,1,indianexpress
No refund if tickets cancelled less than 8 hours before scheduled journey: Railways revises seat booking rules ,1,indianexpress
"Gold Rate Today, March 24: Check 18, 22 and 24 carat gold prices in Chennai, Mumbai, Delhi, Kolkata and other cities ",1,indianexpress
‘Days of Royalty are Over’: Behind the explosive fallout between Tripura CM and the royal scion ahead of April polls ,1,indianexpress
"After 48 years, Puri Jagannath temple’s Ratna Bhandar inventory starts: How ‘secret chambers’ will be audited ",1,indianexpress
"Fresh arrest in Bihar paper leak case, accused ‘transported 30 candidates’ in SUVs to Hazaribagh hotel ",1,indianexpress
"BJP seal on Election Commission letter in Kerala: ‘It is no secret,’ quips CPM; CEO calls it clerical error ",1,indianexpress
"They wanted to teach father, son ‘how to behave with police’: Behind brutal 2020 custodial killings in Tamil Nadu ",1,indianexpress
"In letter to Sitharaman, Anil Ambani expresses willingness to repay dues, seeks panel to crystallise amount, timeline ",1,indianexpress
